n_range,entries,lossPctDay_min,lossPctDay_median,lossPctDay_mean,lossPctDay_std,lossPctDay_max,softLiqDays
4-9,32961,0.0,0.000926793856363441,0.009268244144094936,0.021778643057287144,0.3892854417379706,4601.170694444444
10-19,16190,0.0,0.0003308697651812296,0.006249696561308513,0.019800231366842138,0.43059416377332554,2248.1925
20-35,875,0.0,0.00012702670703085552,0.001988564976487552,0.005356179411499216,0.06413249276808876,124.92430555555555
36-50,848,0.0,4.0737724290810675e-06,0.0010814227811936936,0.0030148997266282785,0.039769300611931034,114.99166666666666
